id	genre	word1	word2	sent1	sent2	Gold_Complexity	prompt1_answer	prompt2_answer	prompt3_answer	binary_answer1	binary_answer2	binary_answer3	mode_complexity
422	biomed	theory	velocity	Based on the theory that Sertoli cells initiate all downstream testicular differentiation, this might imply that Sertoli differentiation had been initiated in      Wnt4     -/- XX gonads.	In the platelet aggregation experiments the initial aggregation velocity was slightly, but significantly lower in platelets lacking annexin A7.	0	" ""Velocity"" is"	" ""Velocity"" is"	 (b) is more	0	0	0	0
99	biomed	efforts	programs	Although considerable efforts have been made to identify the genes responsible for the development of the disease, with the exception of the lpr mutation, none of the genetic contributions to disease in the three well-documented murine SLE strains have yet been fully resolved at the molecular or protein level.	Would precocious expression of ETS proteins in post-mitotic neurons also direct the appropriate sensory neuron developmental programs?	0	" ""Programs"" is"	" ""programs"" is"	 (b) is more	0	0	0	0
1216	biomed	weeks	lens	Another possible explanation is that the premature death in first 2 weeks of life is caused by the dysfunction of the autonomic nervous system.	Moreover, expression of alpha-crystallin, particularly alphaB, was shown to not be restricted to the lens.	1	" ""lens"" is more"	" ""lens"" is less"	 (b) is more	0	0	0	0
129	biomed	start	programs	In a simple model, such a binding could interfere with the accessibility of the transcriptional start site for RNA polymerase II and/or general transcription factors, thus preventing transcription initiation of the gene.	Would precocious expression of ETS proteins in post-mitotic neurons also direct the appropriate sensory neuron developmental programs?	0	" ""programs"" is"	" ""programs"" is"	 (b) is more	0	0	0	0
543	biomed	deaths	cerebellar	LCAD−/− mice show more spontaneous deaths and gestational losses than the other deficiencies [21].	Thus, our panel of wild-type, heterozygous, and homozygous CbCln3Δex7/8 cerebellar cells provide an ideal model system to further elucidate battenin function and JNCL pathogenesis.	0	" ""cerebellar"""	" ""cerebellar"""	 (b) is more	0	0	0	0
15	biomed	thymus	lens	We discovered that in Alk5/Wnt1-Cre mutants, pharyngeal organs (thymus and parathyroid) fail to migrate appropriately.	Moreover, expression of alpha-crystallin, particularly alphaB, was shown to not be restricted to the lens.	1	" ""lens"" is more"	" ""lens"" is less"	 (b) is more	0	0	0	0
339	biomed	positives	online	On the transcriptome level, the small number of animals per group and the low threshold used to detect gene expression could also result in false positives in the differentially expressed genes.	Supplementary data are available at NAR online.	1	" ""Positives"" is"	" ""positives"" is"	 (b) is more	1	1	0	1
630	biomed	methods	subset	We [5,8], and others [9–17], have recently extended the power of this approach by incorporating genome-wide gene expression array analysis, which allows us to model the “genetics of gene expression” using similar methods.	A small subset of olfactory receptors appears to be expressed in non-olfactory tissues, principally the testis [8], but also taste tissues [9], prostate [10], erythroid cells [11], notochord [12] and perhaps other tissues.	0	" ""subset"" is more"	" ""subset"" is less"	 (b) is more	0	0	0	0
1356	biomed	Mb	lens	Transcription of apparent 'singleton' olfactory receptor genes (0.5 Mb or more from the nearest other olfactory receptor gene) suggests that there is no absolute requirement for genomic clustering for an olfactory receptor to be transcribed, consistent with observations that small olfactory receptor transgenes can be expressed correctly when integrated outside native olfactory receptor clusters [35].	Moreover, expression of alpha-crystallin, particularly alphaB, was shown to not be restricted to the lens.	1	" ""Mb"" is more"	" ""Lens"" is"	 (b) is more	1	0	0	0
262	biomed	lens	thymus	Moreover, expression of alpha-crystallin, particularly alphaB, was shown to not be restricted to the lens.	We discovered that in Alk5/Wnt1-Cre mutants, pharyngeal organs (thymus and parathyroid) fail to migrate appropriately.	0	" ""thymus"""	" ""thymus"""	 (b) is more	0	0	0	0
581	biomed	paucity	thymus	Due to the paucity of experimental evidence of the olfactory function of most genes in the family and suggestions of extra-olfactory roles, we embarked on an olfactory receptor expressed sequence tag (EST) project to confirm olfactory epithelial expression of hundreds of mouse odorant receptor genes.	We discovered that in Alk5/Wnt1-Cre mutants, pharyngeal organs (thymus and parathyroid) fail to migrate appropriately.	1	" ""paucity"""	" ""paucity"""	 (b) is more	1	1	0	1
1143	biomed	dependence	cerebellar	The cross consists of 334 animals of both sexes, allowing us to specifically test for the dependence of QTLs on sex.	Thus, our panel of wild-type, heterozygous, and homozygous CbCln3Δex7/8 cerebellar cells provide an ideal model system to further elucidate battenin function and JNCL pathogenesis.	0	" ""dependence"" is more"	" ""dependence"" is less"	 (b) is more	1	1	0	1
1361	biomed	DT	thymus	DT provided the sections the human autopsy brain, analyzed them by immunofluorescence, and contributed to the analysis of data.	We discovered that in Alk5/Wnt1-Cre mutants, pharyngeal organs (thymus and parathyroid) fail to migrate appropriately.	0	" ""DT"" is more"	" ""DT"" is less"	 (b) is more	1	1	0	1
300	biomed	correlation	subset	Epidemiologic assessment of the correlation between a particular variation in DNA sequence, or polymorphism, and risk for BC has been a dominant paradigm for many years.	A small subset of olfactory receptors appears to be expressed in non-olfactory tissues, principally the testis [8], but also taste tissues [9], prostate [10], erythroid cells [11], notochord [12] and perhaps other tissues.	0	" ""subset"" is more"	" ""subset"" is less"	 (b) is more	0	0	0	0
1112	biomed	transplantation	velocity	Moreover, the cost associated with liver transplantation and the availability of donor livers are additional limiting factors for the practicality of treatment of this disease.	In the platelet aggregation experiments the initial aggregation velocity was slightly, but significantly lower in platelets lacking annexin A7.	0	" ""velocity"" is more"	" ""velocity"" is less"	 (b) is more	0	0	0	0
1516	biomed	fish	lens	A genome database search revealed orthologs of ADAM11, ADAM22 and ADAM23 genes to exist in vertebrates such as mammals, fish, and amphibians, but not in invertebrates.	Moreover, expression of alpha-crystallin, particularly alphaB, was shown to not be restricted to the lens.	0	" ""lens"" is more"	" ""lens"" is less"	 (b) is more	0	0	0	0
197	biomed	markers	lens	However, the XY body appeared intact in most mutant spermatocytes upon probing with several markers of XY heterochromatinization (unpublished observations).	Moreover, expression of alpha-crystallin, particularly alphaB, was shown to not be restricted to the lens.	1	" ""markers"" is"	" ""markers"" is"	 (b) is more	1	1	0	1
299	biomed	hypertension	online	In addition, single nucleotide polymorphisms within the human PGC-1α gene have been shown to be associated with obesity, hypertension, and diabetes [25,26,27,28,29,30].	Supplementary data are available at NAR online.	1	" ""hypertension"" is"	" ""online"" is less"	 (b). The sentence	1	0	0	0
361	biomed	fertilization	thymus	Their biological activities implicate ADAMs in fertilization, myogenesis and neurogenesis by proteolysis and adhesion.	We discovered that in Alk5/Wnt1-Cre mutants, pharyngeal organs (thymus and parathyroid) fail to migrate appropriately.	0	" ""fertilization"" is"	" ""fertilization"" is"	 (b) is more	1	1	0	1
398	biomed	bacteria	programs	We found that this gene family is evolutionarily conserved in diverse species ranging from bacteria, yeast, C. elegans, and D. melanogaster to mammals.	Would precocious expression of ETS proteins in post-mitotic neurons also direct the appropriate sensory neuron developmental programs?	0	" ""programs"" is"	" ""programs"" is"	 (b) is more	0	0	0	0
1306	biomed	contact	lens	In contrast, radial columns of elongated fiber cells of uniform size and shape containing ball and socket interdigitations were observed in the posterior subcapsular region in 5 wk (Figure 4I), 46 wk (Figure 4L) and 72 wk (data not shown) wild type lenses, and fiber cells in contact with the posterior capsule could be traced back to the equatorial bow region and anterior epithelium.	Moreover, expression of alpha-crystallin, particularly alphaB, was shown to not be restricted to the lens.	1	" ""Lens"" is"	" ""lens"" is less"	 (b) is more	0	0	0	0
528	biomed	patient	programs	Nevertheless, the overall density of cones was only modestly increased in this patient (approximately 2-fold), suggesting that there might be additional factors that contribute to the very large, light-adapted ERG seen in this disease.	Would precocious expression of ETS proteins in post-mitotic neurons also direct the appropriate sensory neuron developmental programs?	0	" ""programs"" is"	" ""programs"" is"	 (b) is more	0	0	0	0
1684	biomed	teeth	press	We report here that K14 promoter-driven loss of Apc resulted in aberrant development of several organs that require inductive epithelial–mesenchymal interactions, including hair follicle, teeth, and thymus, and resulted in neonatal death in mice.	Finally, there is the maintenance of associative learning relationships over time (a stimulus light always signifies a food pellet is available subsequent to a lever press) [see refs.	0	" ""teeth"" is"	" ""press"" is less"	 (b) is more	1	0	0	0
482	biomed	times	velocity	The different times of embryonic lethality suggested that the first reported Capn4-/- mice [31] were targeted with a hypomorphic mutation, which retained some small level of calpain activity, allowing for their survival to mid-gestation, while the second reported Capn4-/- mice [32] represented a true null mutation.	In the platelet aggregation experiments the initial aggregation velocity was slightly, but significantly lower in platelets lacking annexin A7.	0	" ""Velocity"" is"	" ""Velocity"" is"	 (b) is more	0	0	0	0
1290	biomed	polarization	subset	These interactions suggest that APC can potentially regulate many cellular functions, including intercellular adhesion, cytoskeletal organization, regulation of plakoglobin levels, regulation of the cell cycle and apoptosis, orientation of asymmetric stem cell division, and control of cell polarization [2,3].	A small subset of olfactory receptors appears to be expressed in non-olfactory tissues, principally the testis [8], but also taste tissues [9], prostate [10], erythroid cells [11], notochord [12] and perhaps other tissues.	1	" ""Polarization"""	" ""subset"" is less"	 (b) is more	1	0	0	0
1440	biomed	Introduction	subset	Still, other bona fide RanBP2 partners previously identified and described in the Introduction also become strong candidates to play a role in energy homeostasis.	A small subset of olfactory receptors appears to be expressed in non-olfactory tissues, principally the testis [8], but also taste tissues [9], prostate [10], erythroid cells [11], notochord [12] and perhaps other tissues.	0	" ""Introduction"" is more"	" ""subset"" is less"	 (b) is more	1	0	0	0
1263	biomed	data	cerebellar	The experimental conditions used for real-time PCR can be found in Additional data file 2.	Thus, our panel of wild-type, heterozygous, and homozygous CbCln3Δex7/8 cerebellar cells provide an ideal model system to further elucidate battenin function and JNCL pathogenesis.	0	" ""cerebellar"""	" ""cerebellar"""	 (b) is more	0	0	0	0
1081	biomed	peak	thymus	Studies with a β3-adrenergic agonist confirmed that the peak oxygen consumption rate in thermogenic tissue is diminished in PGC-1α−/− mice.	We discovered that in Alk5/Wnt1-Cre mutants, pharyngeal organs (thymus and parathyroid) fail to migrate appropriately.	0	" ""peak"" is more"	" ""thymus"""	 (b) is more	1	0	0	0
1384	biomed	burden	press	By 6 mo of age, amyloid burden became severe, covering large areas of the cortex and hippocampus (Figure S3).	Finally, there is the maintenance of associative learning relationships over time (a stimulus light always signifies a food pellet is available subsequent to a lever press) [see refs.	0	" ""Press"" is more"	" ""burden"" is"	 (b) is more	0	1	0	0
204	biomed	inhibitors	cerebellar	To mimic therapeutic intervention with inhibitors of Aβ production, we raised a group of 25 double transgenic mice (CaMKIIα-tTA × APP line 107) on normal food until 6 mo of age, when we knew amyloid formation was already well underway in the brain.	Thus, our panel of wild-type, heterozygous, and homozygous CbCln3Δex7/8 cerebellar cells provide an ideal model system to further elucidate battenin function and JNCL pathogenesis.	0	" ""inhibitors"" is"	" ""inhibitors"" is"	 (b) is more	1	1	0	1
460	biomed	exit	subset	This process of RTC “birth” requires coupling of differentiation and cell cycle exit.	A small subset of olfactory receptors appears to be expressed in non-olfactory tissues, principally the testis [8], but also taste tissues [9], prostate [10], erythroid cells [11], notochord [12] and perhaps other tissues.	0	" ""subset"" is more"	" ""subset"" is less"	 (b) is more	0	0	0	0
1588	biomed	rod	programs	There may be another possibility that mr-s is involved in cell fate determination of rod photoreceptors versus cone photoreceptors.	Would precocious expression of ETS proteins in post-mitotic neurons also direct the appropriate sensory neuron developmental programs?	1	" ""programs"" is"	" ""programs"" is"	 (b) is more	0	0	0	0
1542	biomed	CAG	velocity	Huntington's disease (HD) is a dominantly inherited neurodegenerative disorder that is caused by CAG repeats in the HD locus that extend a polyglutamine tract in a ubiquitous HEAT domain protein called huntingtin [1].	In the platelet aggregation experiments the initial aggregation velocity was slightly, but significantly lower in platelets lacking annexin A7.	1	" ""CAG"" is more"	" ""CAG"" is less"	 (b) is more	1	1	0	1
1484	biomed	fish	press	A genome database search revealed orthologs of ADAM11, ADAM22 and ADAM23 genes to exist in vertebrates such as mammals, fish, and amphibians, but not in invertebrates.	Finally, there is the maintenance of associative learning relationships over time (a stimulus light always signifies a food pellet is available subsequent to a lever press) [see refs.	0	" ""press"" is more"	" ""press"" is less"	 (b) is more	0	0	0	0
1568	biomed	control	programs	Fourth, control of body fat mass is abnormal in the PGC-1α−/− mice.	Would precocious expression of ETS proteins in post-mitotic neurons also direct the appropriate sensory neuron developmental programs?	0	" ""Control"" is more"	" ""programs"" is"	 (b) is more	1	0	0	0
1682	biomed	teeth	velocity	We report here that K14 promoter-driven loss of Apc resulted in aberrant development of several organs that require inductive epithelial–mesenchymal interactions, including hair follicle, teeth, and thymus, and resulted in neonatal death in mice.	In the platelet aggregation experiments the initial aggregation velocity was slightly, but significantly lower in platelets lacking annexin A7.	0	" ""velocity"" is more"	" ""velocity"" is less"	 (b) is more	0	0	0	0
594	biomed	damage	press	Loss or damage to articular cartilage is a hallmark of arthritic diseases and is one of the most common reasons that both young and old adults seek medical care.	Finally, there is the maintenance of associative learning relationships over time (a stimulus light always signifies a food pellet is available subsequent to a lever press) [see refs.	0	" ""Press"" is more"	" ""Press"" is less"	 (b) is more	0	0	0	0
743	biomed	KB	cerebellar	XY and KB performed the animal experiments.	Thus, our panel of wild-type, heterozygous, and homozygous CbCln3Δex7/8 cerebellar cells provide an ideal model system to further elucidate battenin function and JNCL pathogenesis.	1	" ""cerebellar"""	" ""cerebellar"""	 (b) is more	0	0	0	0
615	biomed	application	interval	For example, ectopic application of BMP antagonists demonstrates that BMP signaling is necessary for this process, and in its absence, webbing occurs [17–19]).	The most notable candidate genes located within the HG1 interval are the signal transducer and activator of transcription 1 (Stat1) and Stat4.	0	" ""Interval"" is more"	" ""Interval"" is less"	 (b) is more	0	0	0	0
910	biomed	brains	subset	Nonetheless, the role of microglia in both the human condition and the mouse models is poorly understood, and differences in microglial reactivity between the two could lead to significantly faster amyloid clearance in the brains of patients with AD than we observe in the tet-off APP mice.	A small subset of olfactory receptors appears to be expressed in non-olfactory tissues, principally the testis [8], but also taste tissues [9], prostate [10], erythroid cells [11], notochord [12] and perhaps other tissues.	0	" ""subset"" is more"	" ""subset"" is less"	 (b) is more	0	0	0	0
1428	biomed	conformation	programs	Are the favored olfactory receptors in more open chromatin conformation or more accessible genomic locations?	Would precocious expression of ETS proteins in post-mitotic neurons also direct the appropriate sensory neuron developmental programs?	1	" ""Programs"" is"	" ""Programs"" is"	 (b) is more	0	0	0	0
1069	biomed	animal	online	Yet clear functions of RanBP2 in animal and cell physiology remain elusive.	Supplementary data are available at NAR online.	1	" ""online"" is more"	" ""online"" is less"	 (b) is more	0	0	0	0
215	biomed	SI	press	XY and SI drafted the manuscript.	Finally, there is the maintenance of associative learning relationships over time (a stimulus light always signifies a food pellet is available subsequent to a lever press) [see refs.	1	" ""SI"" is more"	" ""SI"" is less"	 (b) is more	1	1	0	1
1512	biomed	fish	velocity	A genome database search revealed orthologs of ADAM11, ADAM22 and ADAM23 genes to exist in vertebrates such as mammals, fish, and amphibians, but not in invertebrates.	In the platelet aggregation experiments the initial aggregation velocity was slightly, but significantly lower in platelets lacking annexin A7.	0	" ""velocity"" is more"	" ""velocity"" is less"	 (b) is more	0	0	0	0
130	biomed	start	online	In a simple model, such a binding could interfere with the accessibility of the transcriptional start site for RNA polymerase II and/or general transcription factors, thus preventing transcription initiation of the gene.	Supplementary data are available at NAR online.	1	" ""start"" is more"	" ""start"" is less"	 (b) is more	1	1	0	1
1364	biomed	DT	press	DT provided the sections the human autopsy brain, analyzed them by immunofluorescence, and contributed to the analysis of data.	Finally, there is the maintenance of associative learning relationships over time (a stimulus light always signifies a food pellet is available subsequent to a lever press) [see refs.	1	" ""DT"" is more"	" ""DT"" is less"	 (b) is more	1	1	0	1
468	biomed	exit	programs	This process of RTC “birth” requires coupling of differentiation and cell cycle exit.	Would precocious expression of ETS proteins in post-mitotic neurons also direct the appropriate sensory neuron developmental programs?	0	" ""programs"" is"	" ""programs"" is"	 (b) is more	0	0	0	0
1566	biomed	control	lens	Fourth, control of body fat mass is abnormal in the PGC-1α−/− mice.	Moreover, expression of alpha-crystallin, particularly alphaB, was shown to not be restricted to the lens.	1	" ""Lens"" is"	" ""lens"" is less"	 (b) is more	0	0	0	0
112	biomed	thalamus	thymus	At older ages (9–12 mo) amyloid deposits were visible in the thalamus, which has also been observed in mice expressing mutant APP via the Thy-1 promoter.	We discovered that in Alk5/Wnt1-Cre mutants, pharyngeal organs (thymus and parathyroid) fail to migrate appropriately.	1	" ""thalamus"" is"	 Thymus is less	 (b) is more	1	0	0	0
887	biomed	cancer	Figures	Apart from the obvious gender-specific diseases such as cervical or prostate cancer, sex influences susceptibility to nearly all highly prevalent diseases that affect both women and men, including atherosclerosis and diabetes and their precursor conditions of hyperlipidemia, obesity, and insulin resistance.	For example, the BXD RI lines exhibited a range of quinine sensitivity, with several strains having similar sensitivities to that of B6, some strains with sensitivities similar to that of D2, and a third group with a more intermediate phenotype (Figures 1, 7).	1	" ""Figures"" is more"	" ""Figures"" is less"	 (b) is more	0	0	0	0
219	biomed	SI	programs	XY and SI drafted the manuscript.	Would precocious expression of ETS proteins in post-mitotic neurons also direct the appropriate sensory neuron developmental programs?	1	" ""programs"" is"	" ""programs"" is"	 (b) is more	0	0	0	0
1313	biomed	virus	cerebellar	Similar observations have been made by Furuta and colleagues when they used recombinant sindbis virus for the labeling of dendrites and axons within the CNS of adult mice [10].	Thus, our panel of wild-type, heterozygous, and homozygous CbCln3Δex7/8 cerebellar cells provide an ideal model system to further elucidate battenin function and JNCL pathogenesis.	0	" ""virus"" is more"	" ""cerebellar"""	 (b) is more	1	0	0	0
1443	biomed	Introduction	cerebellar	Still, other bona fide RanBP2 partners previously identified and described in the Introduction also become strong candidates to play a role in energy homeostasis.	Thus, our panel of wild-type, heterozygous, and homozygous CbCln3Δex7/8 cerebellar cells provide an ideal model system to further elucidate battenin function and JNCL pathogenesis.	0	" ""Introduction"" is more"	" ""cerebellar"""	 (b) is more	1	0	0	0
1186	biomed	survival	lens	Here we report the generation of additional mutant Xpd alleles that fail to support viability on their own but nevertheless ameliorate TTD-associated premature segmental ageing, cutaneous features, cellular DNA repair capacity, and UV survival when present in a compound heterozygote state.	Moreover, expression of alpha-crystallin, particularly alphaB, was shown to not be restricted to the lens.	0	" ""survival"" is"	" ""lens"" is less"	 (b) is more	1	0	0	0
1307	biomed	contact	Figures	In contrast, radial columns of elongated fiber cells of uniform size and shape containing ball and socket interdigitations were observed in the posterior subcapsular region in 5 wk (Figure 4I), 46 wk (Figure 4L) and 72 wk (data not shown) wild type lenses, and fiber cells in contact with the posterior capsule could be traced back to the equatorial bow region and anterior epithelium.	For example, the BXD RI lines exhibited a range of quinine sensitivity, with several strains having similar sensitivities to that of B6, some strains with sensitivities similar to that of D2, and a third group with a more intermediate phenotype (Figures 1, 7).	1	" ""Figures"" is more"	" ""Figures"" is less"	 (b) is more	0	0	0	0
639	biomed	methods	online	We [5,8], and others [9–17], have recently extended the power of this approach by incorporating genome-wide gene expression array analysis, which allows us to model the “genetics of gene expression” using similar methods.	Supplementary data are available at NAR online.	1	" ""online"" is more"	" ""online"" is less"	 (a) is more	0	0	1	0
1445	biomed	Introduction	interval	Still, other bona fide RanBP2 partners previously identified and described in the Introduction also become strong candidates to play a role in energy homeostasis.	The most notable candidate genes located within the HG1 interval are the signal transducer and activator of transcription 1 (Stat1) and Stat4.	0	" ""Introduction"" is more"	" ""Introduction"" is less"	 (b) is more	1	1	0	1
411	biomed	acids	thymus	The sequence of this large protein (3418 amino acids) offers very little clue to its function, although there are eight repeated segments (termed BRC repeats) in the middle of the protein that are highly conserved among mammalian orthologs [7,8].	We discovered that in Alk5/Wnt1-Cre mutants, pharyngeal organs (thymus and parathyroid) fail to migrate appropriately.	0	" ""thymus"""	" ""thymus"""	 (b) is more	0	0	0	0
676	biomed	intolerance	lens	We show that mice with increased oxidative fibers are resistant to high-fat-induced obesity and glucose intolerance.	Moreover, expression of alpha-crystallin, particularly alphaB, was shown to not be restricted to the lens.	1	" ""intolerance"" is"	" ""Lens"" is"	 (b) is more	1	0	0	0
260	biomed	zone	online	The Pygo1/2 mutants also showed an expansion of the zone of thickened mesenchyme that caps the ureteric bud.	Supplementary data are available at NAR online.	1	" ""zone"" is more"	" ""zone"" is less"	 (b). The sentence	1	1	0	1
1388	biomed	burden	programs	By 6 mo of age, amyloid burden became severe, covering large areas of the cortex and hippocampus (Figure S3).	Would precocious expression of ETS proteins in post-mitotic neurons also direct the appropriate sensory neuron developmental programs?	0	" ""programs"" is"	" ""programs"" is"	 (b) is more	0	0	0	0
1335	biomed	Analysis	interval	Analysis of the mechanisms by which transcription factor programs can be shifted over time to control different complements of downstream genes and thus different aspects of neuronal and cellular fates in progenitor cells or post-mitotic neurons may provide further insight into the way in which transcription factors act to control the assembly of neuronal circuits.	The most notable candidate genes located within the HG1 interval are the signal transducer and activator of transcription 1 (Stat1) and Stat4.	0	" ""Analysis"" is more"	" ""Interval"" is less"	 (b) is more	1	0	0	0
1042	biomed	supply	velocity	Studies of ADAM17-null mice have revealed that ADAM17 is critical in embryogenesis and plays an essential role in the supply of growth factors [6,8].	In the platelet aggregation experiments the initial aggregation velocity was slightly, but significantly lower in platelets lacking annexin A7.	0	" ""Velocity"" is"	" ""Velocity"" is"	 (b) is more	0	0	0	0
1187	biomed	survival	Figures	Here we report the generation of additional mutant Xpd alleles that fail to support viability on their own but nevertheless ameliorate TTD-associated premature segmental ageing, cutaneous features, cellular DNA repair capacity, and UV survival when present in a compound heterozygote state.	For example, the BXD RI lines exhibited a range of quinine sensitivity, with several strains having similar sensitivities to that of B6, some strains with sensitivities similar to that of D2, and a third group with a more intermediate phenotype (Figures 1, 7).	0	" ""survival"" is"	" ""survival"" is"	 (b) is more	1	1	0	1
1620	biomed	output	subset	It could be argued that although the biliary sterol output is comparable to that seen in wild-type mice that this is inappropriately low, since the tissue and plasma pools of sitosterol are so elevated in the knockout mice.	A small subset of olfactory receptors appears to be expressed in non-olfactory tissues, principally the testis [8], but also taste tissues [9], prostate [10], erythroid cells [11], notochord [12] and perhaps other tissues.	0	" ""output"" is more"	" ""subset"" is less"	 (b) is more	1	0	0	0
585	biomed	paucity	interval	Due to the paucity of experimental evidence of the olfactory function of most genes in the family and suggestions of extra-olfactory roles, we embarked on an olfactory receptor expressed sequence tag (EST) project to confirm olfactory epithelial expression of hundreds of mouse odorant receptor genes.	The most notable candidate genes located within the HG1 interval are the signal transducer and activator of transcription 1 (Stat1) and Stat4.	1	" ""paucity"""	" ""interval"" is less"	 (b) is more	1	0	0	0
1729	biomed	maximum	online	Thus, depletion of p150CAF-1 protein from this stage allows a maximum of two additional cell divisions before developmental arrest.	Supplementary data are available at NAR online.	1	" ""Maximum"" is more"	" ""online"" is less"	" (b). ""Supplementary"	1	0	0	0
834	biomed	test	press	To examine motor learning ability in ADAM11-deficient mice in detail, we will need to use other cerebellar-dependent learning tasks, such as a classical eyelid conditioning test.	Finally, there is the maintenance of associative learning relationships over time (a stimulus light always signifies a food pellet is available subsequent to a lever press) [see refs.	0	" ""press"" is more"	" ""press"" is less"	 (b) is more	0	0	0	0
566	biomed	division	lens	Thus, independent of E2f1-mediated effects on division and death, Rb does regulate neuronal differentiation, but only in specific neurons and, unexpectedly, through E2f3a, not tissue-specific differentiation factors.	Moreover, expression of alpha-crystallin, particularly alphaB, was shown to not be restricted to the lens.	0	" ""Lens"" is"	" ""lens"" is less"	 (b) is more	0	0	0	0
1092	biomed	deaths	velocity	LCAD−/− mice show more spontaneous deaths and gestational losses than the other deficiencies [21].	In the platelet aggregation experiments the initial aggregation velocity was slightly, but significantly lower in platelets lacking annexin A7.	0	" ""velocity"" is more"	" ""velocity"" is less"	 (b) is more	0	0	0	0
1052	biomed	rule	velocity	Reversal learning can be conceptualized as the ability to recognize an unexpected consequence to a previously established associative learning rule and then alter response strategies accordingly [17,18].	In the platelet aggregation experiments the initial aggregation velocity was slightly, but significantly lower in platelets lacking annexin A7.	0	" ""Velocity"" is"	" ""Velocity"" is"	 (b) is more	0	0	0	0
1163	biomed	divergence	cerebellar	Thus, Dmrt7 likely arose, presumably by duplication and divergence of another Dmrt gene, shortly before or coincident with the mammalian radiation.	Thus, our panel of wild-type, heterozygous, and homozygous CbCln3Δex7/8 cerebellar cells provide an ideal model system to further elucidate battenin function and JNCL pathogenesis.	0	" ""divergence"""	" ""divergence"""	 (b) is more	1	1	0	1
188	biomed	fraction	Figures	While this small fraction of protein may not be detectable by immunofluorescence, Western blotting shows that some mutant protein does progress beyond the ER (35-45 kDa species in Figure 3A).	For example, the BXD RI lines exhibited a range of quinine sensitivity, with several strains having similar sensitivities to that of B6, some strains with sensitivities similar to that of D2, and a third group with a more intermediate phenotype (Figures 1, 7).	0	" ""Fraction"" is"	" ""fraction"" is less"	 (b) is more	1	1	0	1
816	biomed	synapse	lens	Two prominent pathologies were characterized in the Crx-/- retina: (1) An absolute block in outer segment morphogenesis was noted, with the block occuring at the elongation stage of outer segment formation; (2) Crx-/- photoreceptors exhibited a severe perturbation in synapse formation.	Moreover, expression of alpha-crystallin, particularly alphaB, was shown to not be restricted to the lens.	1	" ""lens"" is more"	" ""lens"" is less"	 (b) is more	0	0	0	0
1490	biomed	electron	subset	DNA binding assays and electron microscopy methods were used to show that a BRC3 peptide interferes with the ability of RAD51 to assemble into oligomeric filaments on DNA.	A small subset of olfactory receptors appears to be expressed in non-olfactory tissues, principally the testis [8], but also taste tissues [9], prostate [10], erythroid cells [11], notochord [12] and perhaps other tissues.	0	" ""subset"" is more"	" ""subset"" is less"	 (b) is more	0	0	0	0
1063	biomed	animal	cerebellar	Yet clear functions of RanBP2 in animal and cell physiology remain elusive.	Thus, our panel of wild-type, heterozygous, and homozygous CbCln3Δex7/8 cerebellar cells provide an ideal model system to further elucidate battenin function and JNCL pathogenesis.	0	" ""cerebellar"""	" ""cerebellar"""	 (b) is more	0	0	0	0
1294	biomed	polarization	press	These interactions suggest that APC can potentially regulate many cellular functions, including intercellular adhesion, cytoskeletal organization, regulation of plakoglobin levels, regulation of the cell cycle and apoptosis, orientation of asymmetric stem cell division, and control of cell polarization [2,3].	Finally, there is the maintenance of associative learning relationships over time (a stimulus light always signifies a food pellet is available subsequent to a lever press) [see refs.	1	" ""Press"" is more"	" ""Press"" is less"	 (b) is more	0	0	0	0
1455	biomed	DG	interval	CYW, DG and ZD carried out the Western analyses.	The most notable candidate genes located within the HG1 interval are the signal transducer and activator of transcription 1 (Stat1) and Stat4.	1	" ""interval"" is more"	" ""interval"" is less"	 (b) is more	0	0	0	0
8	biomed	subset	programs	A small subset of olfactory receptors appears to be expressed in non-olfactory tissues, principally the testis [8], but also taste tissues [9], prostate [10], erythroid cells [11], notochord [12] and perhaps other tissues.	Would precocious expression of ETS proteins in post-mitotic neurons also direct the appropriate sensory neuron developmental programs?	1	" ""programs"" is"	" ""programs"" is"	 (b) is more	0	0	0	0
976	biomed	colleagues	lens	Interestingly, Bauer and colleagues previously identified a locus (Cia28) associated with anti-CII antibody production at 53 cM on chromosome 13 [19], which is approximately at the same position as where we find the linkage for this trait in the present study.	Moreover, expression of alpha-crystallin, particularly alphaB, was shown to not be restricted to the lens.	1	" ""lens"" is more"	" ""lens"" is less"	 (b) is more	0	0	0	0
1348	biomed	kidney	programs	In this report, we generated targeted mutations of Pygo1 and Pygo2 to determine their functions, with a particular interest in the contributions of these genes to canonical Wnt signaling during kidney development.	Would precocious expression of ETS proteins in post-mitotic neurons also direct the appropriate sensory neuron developmental programs?	0	" ""programs"" is"	" ""programs"" is"	 (b) is more	0	0	0	0
1098	biomed	deaths	programs	LCAD−/− mice show more spontaneous deaths and gestational losses than the other deficiencies [21].	Would precocious expression of ETS proteins in post-mitotic neurons also direct the appropriate sensory neuron developmental programs?	0	" ""programs"" is"	" ""programs"" is"	 (b) is more	0	0	0	0
686	biomed	signature	lens	Therefore, signature genes of the diseases could be identified by detecting the expression patterns of the disease-related cells/tissues and their ideal controls.	Moreover, expression of alpha-crystallin, particularly alphaB, was shown to not be restricted to the lens.	1	" ""Lens"" is"	" ""lens"" is less"	 (b) is more	0	0	0	0
1013	biomed	bacteria	cerebellar	We found that this gene family is evolutionarily conserved in diverse species ranging from bacteria, yeast, C. elegans, and D. melanogaster to mammals.	Thus, our panel of wild-type, heterozygous, and homozygous CbCln3Δex7/8 cerebellar cells provide an ideal model system to further elucidate battenin function and JNCL pathogenesis.	0	" ""bacteria"" is"	" ""cerebellar"""	 (b) is more	1	0	0	0
166	biomed	agents	interval	Interestingly, we found that OA treatment of Trip13Gt/Gt spermatocytes could propel them into MI, despite a report that the same did not occur when wild-type pachytene spermatocytes were treated with the DSB-inducing agents gamma radiation or etoposide [53].	The most notable candidate genes located within the HG1 interval are the signal transducer and activator of transcription 1 (Stat1) and Stat4.	1	" ""Interval"" is more"	" ""interval"" is less"	 (b) is more	0	0	0	0
63	biomed	lens	online	Moreover, expression of alpha-crystallin, particularly alphaB, was shown to not be restricted to the lens.	Supplementary data are available at NAR online.	1	" ""lens"" is more"	" ""online"" is less"	" (b). ""Supplementary"	1	0	0	0
156	biomed	site	interval	In humans, genetic diseases of the eye are common and the primary site of disease is most frequently photoreceptors (for review see [1-3]).	The most notable candidate genes located within the HG1 interval are the signal transducer and activator of transcription 1 (Stat1) and Stat4.	0	" ""Interval"" is more"	" ""interval"" is less"	 (b) is more	0	0	0	0
1292	biomed	polarization	velocity	These interactions suggest that APC can potentially regulate many cellular functions, including intercellular adhesion, cytoskeletal organization, regulation of plakoglobin levels, regulation of the cell cycle and apoptosis, orientation of asymmetric stem cell division, and control of cell polarization [2,3].	In the platelet aggregation experiments the initial aggregation velocity was slightly, but significantly lower in platelets lacking annexin A7.	1	" ""Velocity"" is"	" ""Velocity"" is"	 (b) is more	0	0	0	0
796	biomed	kb	lens	The primary genetic defect (>80% disease chromosomes) leading to JNCL is a 1.02 kb genomic DNA deletion in the CLN3 gene, which eliminates exons 7 and 8 and surrounding intronic DNA, predicting a non-functional protein product [2].	Moreover, expression of alpha-crystallin, particularly alphaB, was shown to not be restricted to the lens.	1	" ""Lens"" is"	" ""lens"" is less"	 (b) is more	0	0	0	0
634	biomed	methods	press	We [5,8], and others [9–17], have recently extended the power of this approach by incorporating genome-wide gene expression array analysis, which allows us to model the “genetics of gene expression” using similar methods.	Finally, there is the maintenance of associative learning relationships over time (a stimulus light always signifies a food pellet is available subsequent to a lever press) [see refs.	0	" ""press"" is more"	" ""press"" is less"	 (b) is more	0	0	0	0
1433	biomed	FAS	cerebellar	The best-studied strains of mice that spontaneously develop a lupus-like pathology are the New Zealand Black/New Zealand White hybrid strain (NZB/WF1); the MRL/Mp lpr/lpr strain, which carries the lpr mutation of the FAS receptor gene; and the BXSB strain, which carries the Y chromosome autoimmune accelerator (Yaa) gene (Theofilopoulos and Dixon 1985).	Thus, our panel of wild-type, heterozygous, and homozygous CbCln3Δex7/8 cerebellar cells provide an ideal model system to further elucidate battenin function and JNCL pathogenesis.	1	" ""cerebellar"""	" ""cerebellar"""	 (b) is more	0	0	0	0
36	biomed	cerebellar	online	Thus, our panel of wild-type, heterozygous, and homozygous CbCln3Δex7/8 cerebellar cells provide an ideal model system to further elucidate battenin function and JNCL pathogenesis.	Supplementary data are available at NAR online.	1	" ""cerebellar"""	" ""cerebellar"""	 (b) is more	1	1	0	1
731	biomed	change	thymus	The adaptive significance of such a change, if any, is unknown, and it may simply be due to relaxation of selective pressure for night vision in this strictly diurnal species.	We discovered that in Alk5/Wnt1-Cre mutants, pharyngeal organs (thymus and parathyroid) fail to migrate appropriately.	0	" ""change"" is more"	" ""thymus"""	 (b) is more	1	0	0	0
608	biomed	blood	programs	Membrane cholesterol diminishes red blood cell haemolysis by the complement complex, whereas depletion of raft cholesterol abrogates association of all raft proteins with no significant effect on areas in the rest of the cell membrane and deformability [45,46].	Would precocious expression of ETS proteins in post-mitotic neurons also direct the appropriate sensory neuron developmental programs?	0	" ""programs"" is"	" ""programs"" is"	 (b) is more	0	0	0	0
442	biomed	animal	velocity	Yet clear functions of RanBP2 in animal and cell physiology remain elusive.	In the platelet aggregation experiments the initial aggregation velocity was slightly, but significantly lower in platelets lacking annexin A7.	0	" ""Velocity"" is"	" ""Velocity"" is"	 (b) is more	0	0	0	0
1309	biomed	contact	online	In contrast, radial columns of elongated fiber cells of uniform size and shape containing ball and socket interdigitations were observed in the posterior subcapsular region in 5 wk (Figure 4I), 46 wk (Figure 4L) and 72 wk (data not shown) wild type lenses, and fiber cells in contact with the posterior capsule could be traced back to the equatorial bow region and anterior epithelium.	Supplementary data are available at NAR online.	1	" ""contact"" is more"	" ""online"" is less"	 (b) is more	1	0	0	0
1198	biomed	increase	programs	Through this process, it is also possible that deficits in RanBP2 cause a disturbance in the equilibrium between Cox11, HK1, and RanBP2 by leading to an increase of the inhibitory activity of Cox11 over HKI that promotes the uncoupling of the interaction of HKI from RanBP2, ultimately causing HKI degradation.	Would precocious expression of ETS proteins in post-mitotic neurons also direct the appropriate sensory neuron developmental programs?	0	" ""Programs"" is"	" ""programs"" is"	 (b) is more	0	0	0	0
1103	biomed	AK	cerebellar	AK and NL performed bile collection experiments and bile characterization for Figure 8.	Thus, our panel of wild-type, heterozygous, and homozygous CbCln3Δex7/8 cerebellar cells provide an ideal model system to further elucidate battenin function and JNCL pathogenesis.	0	" ""AK"" is more"	" ""cerebellar"""	 (b) is more	1	0	0	0
1575	biomed	puberty	interval	Goiter is variable and generally develops around puberty [3].	The most notable candidate genes located within the HG1 interval are the signal transducer and activator of transcription 1 (Stat1) and Stat4.	0	" ""puberty"" is"	" ""puberty"" is"	 (b) is more	1	1	0	1
1271	biomed	densities	thymus	Biochemically rafts are defined as membranes that are resistant to extraction by cold Triton X-100 and can be floated to low densities in sucrose gradient centrifugation [36].	We discovered that in Alk5/Wnt1-Cre mutants, pharyngeal organs (thymus and parathyroid) fail to migrate appropriately.	0	" ""thymus"""	" ""thymus"""	 (b) is more	0	0	0	0
683	biomed	signature	cerebellar	Therefore, signature genes of the diseases could be identified by detecting the expression patterns of the disease-related cells/tissues and their ideal controls.	Thus, our panel of wild-type, heterozygous, and homozygous CbCln3Δex7/8 cerebellar cells provide an ideal model system to further elucidate battenin function and JNCL pathogenesis.	0	" ""cerebellar"""	" ""cerebellar"""	 (b) is more	0	0	0	0
4	biomed	subset	press	A small subset of olfactory receptors appears to be expressed in non-olfactory tissues, principally the testis [8], but also taste tissues [9], prostate [10], erythroid cells [11], notochord [12] and perhaps other tissues.	Finally, there is the maintenance of associative learning relationships over time (a stimulus light always signifies a food pellet is available subsequent to a lever press) [see refs.	1	" ""subset"" is more"	" ""subset"" is less"	 (b) is more	1	1	0	1
142	biomed	brain	thymus	DT provided the sections the human autopsy brain, analyzed them by immunofluorescence, and contributed to the analysis of data.	We discovered that in Alk5/Wnt1-Cre mutants, pharyngeal organs (thymus and parathyroid) fail to migrate appropriately.	0	" ""brain"" is more"	" ""thymus"""	 (b) is more	1	0	0	0
856	biomed	step	lens	The next step will be to identify polymorphisms that affect regulation of XRCC1, ERCC5, GSTP1, SOD1, and GPX1 by CEBPG.	Moreover, expression of alpha-crystallin, particularly alphaB, was shown to not be restricted to the lens.	1	" ""lens"" is more"	" ""lens"" is less"	 (b) is more	0	0	0	0
481	biomed	times	thymus	The different times of embryonic lethality suggested that the first reported Capn4-/- mice [31] were targeted with a hypomorphic mutation, which retained some small level of calpain activity, allowing for their survival to mid-gestation, while the second reported Capn4-/- mice [32] represented a true null mutation.	We discovered that in Alk5/Wnt1-Cre mutants, pharyngeal organs (thymus and parathyroid) fail to migrate appropriately.	0	" ""Times"" is more"	" ""thymus"""	 (b) is more	1	0	0	0
1117	biomed	transplantation	Figures	Moreover, the cost associated with liver transplantation and the availability of donor livers are additional limiting factors for the practicality of treatment of this disease.	For example, the BXD RI lines exhibited a range of quinine sensitivity, with several strains having similar sensitivities to that of B6, some strains with sensitivities similar to that of D2, and a third group with a more intermediate phenotype (Figures 1, 7).	1	" ""Figures"" is more"	" ""transplantation"" is"	 (b) is more	0	1	0	0
883	biomed	cancer	cerebellar	Apart from the obvious gender-specific diseases such as cervical or prostate cancer, sex influences susceptibility to nearly all highly prevalent diseases that affect both women and men, including atherosclerosis and diabetes and their precursor conditions of hyperlipidemia, obesity, and insulin resistance.	Thus, our panel of wild-type, heterozygous, and homozygous CbCln3Δex7/8 cerebellar cells provide an ideal model system to further elucidate battenin function and JNCL pathogenesis.	0	" ""cerebellar"""	" ""cerebellar"""	 (b) is more	0	0	0	0
651	biomed	accessibility	thymus	In a simple model, such a binding could interfere with the accessibility of the transcriptional start site for RNA polymerase II and/or general transcription factors, thus preventing transcription initiation of the gene.	We discovered that in Alk5/Wnt1-Cre mutants, pharyngeal organs (thymus and parathyroid) fail to migrate appropriately.	0	" ""accessibility"" is"	" ""accessibility"" is"	 (b) is more	1	1	0	1
1256	biomed	gradient	lens	They are also not essential for the formation of specific membrane domains such as lipid rafts, as exogenously added recombinant annexin A7 redistributed to similar positions in a density gradient containing membranes derived from red blood cells of anxA7-/-mice.	Moreover, expression of alpha-crystallin, particularly alphaB, was shown to not be restricted to the lens.	1	" ""gradient"" is more"	" ""gradient"" is less"	 (b) is more	1	1	0	1
1082	biomed	peak	velocity	Studies with a β3-adrenergic agonist confirmed that the peak oxygen consumption rate in thermogenic tissue is diminished in PGC-1α−/− mice.	In the platelet aggregation experiments the initial aggregation velocity was slightly, but significantly lower in platelets lacking annexin A7.	0	" ""Velocity"" is"	" ""Velocity"" is"	 (b) is more	0	0	0	0
1470	biomed	MEM	subset	JMW, TC, PH-M and MEM drafted the manuscript and RC contributed to its finalization.	A small subset of olfactory receptors appears to be expressed in non-olfactory tissues, principally the testis [8], but also taste tissues [9], prostate [10], erythroid cells [11], notochord [12] and perhaps other tissues.	1	" ""subset"" is more"	" ""subset"" is less"	 (b) is more	0	0	0	0
653	biomed	accessibility	cerebellar	In a simple model, such a binding could interfere with the accessibility of the transcriptional start site for RNA polymerase II and/or general transcription factors, thus preventing transcription initiation of the gene.	Thus, our panel of wild-type, heterozygous, and homozygous CbCln3Δex7/8 cerebellar cells provide an ideal model system to further elucidate battenin function and JNCL pathogenesis.	0	" ""cerebellar"""	" ""cerebellar"""	 (b) is more	0	0	0	0
377	biomed	application	Figures	For example, ectopic application of BMP antagonists demonstrates that BMP signaling is necessary for this process, and in its absence, webbing occurs [17–19]).	For example, the BXD RI lines exhibited a range of quinine sensitivity, with several strains having similar sensitivities to that of B6, some strains with sensitivities similar to that of D2, and a third group with a more intermediate phenotype (Figures 1, 7).	1	" ""Figures"" is more"	" ""Figures"" is less"	 (b) is more	0	0	0	0
1585	biomed	rod	interval	There may be another possibility that mr-s is involved in cell fate determination of rod photoreceptors versus cone photoreceptors.	The most notable candidate genes located within the HG1 interval are the signal transducer and activator of transcription 1 (Stat1) and Stat4.	1	" ""interval"" is more"	" ""interval"" is less"	 (b) is more	0	0	0	0
424	biomed	theory	press	Based on the theory that Sertoli cells initiate all downstream testicular differentiation, this might imply that Sertoli differentiation had been initiated in      Wnt4     -/- XX gonads.	Finally, there is the maintenance of associative learning relationships over time (a stimulus light always signifies a food pellet is available subsequent to a lever press) [see refs.	0	" ""theory"" is more"	" ""press"" is less"	 (b) is more	1	0	0	0
191	biomed	markers	subset	However, the XY body appeared intact in most mutant spermatocytes upon probing with several markers of XY heterochromatinization (unpublished observations).	A small subset of olfactory receptors appears to be expressed in non-olfactory tissues, principally the testis [8], but also taste tissues [9], prostate [10], erythroid cells [11], notochord [12] and perhaps other tissues.	0	" ""subset"" is more"	" ""subset"" is less"	 (b) is more	0	0	0	0
1350	biomed	Mb	subset	Transcription of apparent 'singleton' olfactory receptor genes (0.5 Mb or more from the nearest other olfactory receptor gene) suggests that there is no absolute requirement for genomic clustering for an olfactory receptor to be transcribed, consistent with observations that small olfactory receptor transgenes can be expressed correctly when integrated outside native olfactory receptor clusters [35].	A small subset of olfactory receptors appears to be expressed in non-olfactory tissues, principally the testis [8], but also taste tissues [9], prostate [10], erythroid cells [11], notochord [12] and perhaps other tissues.	1	" ""Mb"" is more"	" ""subset"" is less"	 (b) is more	1	0	0	0
1414	biomed	tangles	press	As in our tet-off APP mice, SantaCruz et al. found that tau neurofibrillary tangles, like amyloid plaques, are not cleared efficiently following transgene suppression.	Finally, there is the maintenance of associative learning relationships over time (a stimulus light always signifies a food pellet is available subsequent to a lever press) [see refs.	1	" ""Tangles"" is"	" ""press"" is less"	 (b) is more	1	0	0	0
1210	biomed	weeks	subset	Another possible explanation is that the premature death in first 2 weeks of life is caused by the dysfunction of the autonomic nervous system.	A small subset of olfactory receptors appears to be expressed in non-olfactory tissues, principally the testis [8], but also taste tissues [9], prostate [10], erythroid cells [11], notochord [12] and perhaps other tissues.	0	" ""subset"" is more"	" ""subset"" is less"	 (b) is more	0	0	0	0
701	biomed	cholesterol	thymus	The major findings in this study are: (1) disruption of only one of the two genes comprising the STSL locus is necessary and sufficient to cause sitosterolemia, (2) that the loss of Abcg8/sterolin-2 leads to the loss of biliary cholesterol secretion and (3) Abcg5/sterolin-1 appears to be still apically-expressed despite the absence of Abcg8/sterolin-2.	We discovered that in Alk5/Wnt1-Cre mutants, pharyngeal organs (thymus and parathyroid) fail to migrate appropriately.	0	" ""cholesterol"" is"	 Thymus is less	 (b) is more	1	0	0	0
7	biomed	subset	Figures	A small subset of olfactory receptors appears to be expressed in non-olfactory tissues, principally the testis [8], but also taste tissues [9], prostate [10], erythroid cells [11], notochord [12] and perhaps other tissues.	For example, the BXD RI lines exhibited a range of quinine sensitivity, with several strains having similar sensitivities to that of B6, some strains with sensitivities similar to that of D2, and a third group with a more intermediate phenotype (Figures 1, 7).	1	" ""subset"" is more"	" ""Figures"" is less"	 (b) is more	1	0	0	0
1485	biomed	fish	interval	A genome database search revealed orthologs of ADAM11, ADAM22 and ADAM23 genes to exist in vertebrates such as mammals, fish, and amphibians, but not in invertebrates.	The most notable candidate genes located within the HG1 interval are the signal transducer and activator of transcription 1 (Stat1) and Stat4.	0	" ""interval"" is more"	" ""interval"" is less"	 (b) is more	0	0	0	0
762	biomed	corneal	velocity	Mucolipidosis type IV (MLIV; MIM 252650) is an autosomal recessive lysosomal storage disorder that is characterized by corneal clouding, delayed psychomotor development, and mental retardation that usually presents during the first year of life [1].	In the platelet aggregation experiments the initial aggregation velocity was slightly, but significantly lower in platelets lacking annexin A7.	1	" ""velocity"" is more"	" ""velocity"" is less"	 (b) is more	0	0	0	0
207	biomed	inhibitors	lens	To mimic therapeutic intervention with inhibitors of Aβ production, we raised a group of 25 double transgenic mice (CaMKIIα-tTA × APP line 107) on normal food until 6 mo of age, when we knew amyloid formation was already well underway in the brain.	Moreover, expression of alpha-crystallin, particularly alphaB, was shown to not be restricted to the lens.	1	" ""Inhibitors"""	" ""lens"" is less"	 (b) is more	1	0	0	0
1594	biomed	fish	press	A genome database search revealed orthologs of ADAM11, ADAM22 and ADAM23 genes to exist in vertebrates such as mammals, fish, and amphibians, but not in invertebrates.	Finally, there is the maintenance of associative learning relationships over time (a stimulus light always signifies a food pellet is available subsequent to a lever press) [see refs.	0	" ""press"" is more"	" ""press"" is less"	 (b) is more	0	0	0	0
293	biomed	hypertension	cerebellar	In addition, single nucleotide polymorphisms within the human PGC-1α gene have been shown to be associated with obesity, hypertension, and diabetes [25,26,27,28,29,30].	Thus, our panel of wild-type, heterozygous, and homozygous CbCln3Δex7/8 cerebellar cells provide an ideal model system to further elucidate battenin function and JNCL pathogenesis.	0	" ""cerebellar"""	" ""cerebellar"""	 (b) is more	0	0	0	0
239	biomed	lesions	programs	The strong expression levels produced with the tet-off vectors, combined with the ability to reduce this expression by several orders of magnitude with tetracycline [14], allowed for a stringent test of how a highly effective pharmaceutical inhibitor of Aβ production would impact the progression of amyloid pathology and whether reversal of these lesions might be possible following such treatment.	Would precocious expression of ETS proteins in post-mitotic neurons also direct the appropriate sensory neuron developmental programs?	1	" ""Programs"" is"	" ""programs"" is"	 (b) is more	0	0	0	0
1043	biomed	supply	cerebellar	Studies of ADAM17-null mice have revealed that ADAM17 is critical in embryogenesis and plays an essential role in the supply of growth factors [6,8].	Thus, our panel of wild-type, heterozygous, and homozygous CbCln3Δex7/8 cerebellar cells provide an ideal model system to further elucidate battenin function and JNCL pathogenesis.	0	" ""cerebellar"""	" ""cerebellar"""	 (b) is more	0	0	0	0
353	biomed	channel	cerebellar	The human gene MCOLN1 (GenBank #AF287270) maps to chromosome 19p13.2-13.3 and encodes a novel protein that is a member of the transient receptor potential (TRP) cation channel gene superfamily [7-10].	Thus, our panel of wild-type, heterozygous, and homozygous CbCln3Δex7/8 cerebellar cells provide an ideal model system to further elucidate battenin function and JNCL pathogenesis.	0	" ""cerebellar"""	" ""cerebellar"""	 (b) is more	0	0	0	0
790	biomed	kb	subset	The primary genetic defect (>80% disease chromosomes) leading to JNCL is a 1.02 kb genomic DNA deletion in the CLN3 gene, which eliminates exons 7 and 8 and surrounding intronic DNA, predicting a non-functional protein product [2].	A small subset of olfactory receptors appears to be expressed in non-olfactory tissues, principally the testis [8], but also taste tissues [9], prostate [10], erythroid cells [11], notochord [12] and perhaps other tissues.	1	" ""subset"" is more"	" ""subset"" is less"	 (b) is more	0	0	0	0
180	biomed	organisms	online	These sensory neurons are a shared element in all organisms capable of sensing light.	Supplementary data are available at NAR online.	1	" ""organisms"" is more"	" ""organisms"" is less"	 (b) is more	1	1	0	1
1410	biomed	tangles	subset	As in our tet-off APP mice, SantaCruz et al. found that tau neurofibrillary tangles, like amyloid plaques, are not cleared efficiently following transgene suppression.	A small subset of olfactory receptors appears to be expressed in non-olfactory tissues, principally the testis [8], but also taste tissues [9], prostate [10], erythroid cells [11], notochord [12] and perhaps other tissues.	0	" ""subset"" is more"	" ""subset"" is less"	 (b) is more	0	0	0	0
1611	biomed	lymphocytes	thymus	In further support of this conclusion, analysis of protein levels of ITPR1 in Epstein-Barr virus (EBV) immortalized lymphocytes from affected and unaffected AUS1 family members revealed that all affected members showed a dramatic decrease in ITPR1 levels when compared with the family member without the deletion (Figure 4).	We discovered that in Alk5/Wnt1-Cre mutants, pharyngeal organs (thymus and parathyroid) fail to migrate appropriately.	1	" ""lymphocytes"" is"	" ""lymphocytes"" is"	 (b) is more	1	1	0	1
1209	biomed	WT	online	WT = wild-type	Supplementary data are available at NAR online.	1	" ""online"" is more"	" ""online"" is less"	" (b). ""Supplementary"	0	0	0	0
229	biomed	vesicle	programs	Annexin A7 is thought to have a role in vesicle fusion and in regulating and stabilizing membrane domains [1].	Would precocious expression of ETS proteins in post-mitotic neurons also direct the appropriate sensory neuron developmental programs?	1	" ""programs"" is"	" ""programs"" is"	 (b) is more	0	0	0	0
919	biomed	brains	online	Nonetheless, the role of microglia in both the human condition and the mouse models is poorly understood, and differences in microglial reactivity between the two could lead to significantly faster amyloid clearance in the brains of patients with AD than we observe in the tet-off APP mice.	Supplementary data are available at NAR online.	1	" ""brains"" is more"	" ""brains"" is less"	 (b) is more	1	1	0	1
203	biomed	inhibitors	velocity	To mimic therapeutic intervention with inhibitors of Aβ production, we raised a group of 25 double transgenic mice (CaMKIIα-tTA × APP line 107) on normal food until 6 mo of age, when we knew amyloid formation was already well underway in the brain.	In the platelet aggregation experiments the initial aggregation velocity was slightly, but significantly lower in platelets lacking annexin A7.	0	" ""velocity"" is more"	" ""velocity"" is less"	 (b) is more	0	0	0	0
97	biomed	efforts	lens	Although considerable efforts have been made to identify the genes responsible for the development of the disease, with the exception of the lpr mutation, none of the genetic contributions to disease in the three well-documented murine SLE strains have yet been fully resolved at the molecular or protein level.	Moreover, expression of alpha-crystallin, particularly alphaB, was shown to not be restricted to the lens.	1	" ""lens"" is more"	" ""lens"" is less"	 (b) is more	0	0	0	0
116	biomed	thalamus	interval	At older ages (9–12 mo) amyloid deposits were visible in the thalamus, which has also been observed in mice expressing mutant APP via the Thy-1 promoter.	The most notable candidate genes located within the HG1 interval are the signal transducer and activator of transcription 1 (Stat1) and Stat4.	1	" ""interval"" is more"	" ""interval"" is less"	 (b) is more	0	0	0	0
817	biomed	synapse	Figures	Two prominent pathologies were characterized in the Crx-/- retina: (1) An absolute block in outer segment morphogenesis was noted, with the block occuring at the elongation stage of outer segment formation; (2) Crx-/- photoreceptors exhibited a severe perturbation in synapse formation.	For example, the BXD RI lines exhibited a range of quinine sensitivity, with several strains having similar sensitivities to that of B6, some strains with sensitivities similar to that of D2, and a third group with a more intermediate phenotype (Figures 1, 7).	1	" ""Figures"" is more"	" ""Figures"" is less"	 (b) is more	0	0	0	0
814	biomed	synapse	press	Two prominent pathologies were characterized in the Crx-/- retina: (1) An absolute block in outer segment morphogenesis was noted, with the block occuring at the elongation stage of outer segment formation; (2) Crx-/- photoreceptors exhibited a severe perturbation in synapse formation.	Finally, there is the maintenance of associative learning relationships over time (a stimulus light always signifies a food pellet is available subsequent to a lever press) [see refs.	1	" ""synapse"" is"	" ""Press"" is less"	 (b) is more	1	0	0	0
1218	biomed	weeks	programs	Another possible explanation is that the premature death in first 2 weeks of life is caused by the dysfunction of the autonomic nervous system.	Would precocious expression of ETS proteins in post-mitotic neurons also direct the appropriate sensory neuron developmental programs?	0	" ""Programs"" is"	" ""programs"" is"	 (b) is more	0	0	0	0
1737	biomed	details	Figures	Both of these alleles would be expected to result in null alleles following recombination (see Materials and Methods for details).	For example, the BXD RI lines exhibited a range of quinine sensitivity, with several strains having similar sensitivities to that of B6, some strains with sensitivities similar to that of D2, and a third group with a more intermediate phenotype (Figures 1, 7).	0	" ""Figures"" is more"	" ""Figures"" is less"	 (b) is more	0	0	0	0
1614	biomed	lymphocytes	press	In further support of this conclusion, analysis of protein levels of ITPR1 in Epstein-Barr virus (EBV) immortalized lymphocytes from affected and unaffected AUS1 family members revealed that all affected members showed a dramatic decrease in ITPR1 levels when compared with the family member without the deletion (Figure 4).	Finally, there is the maintenance of associative learning relationships over time (a stimulus light always signifies a food pellet is available subsequent to a lever press) [see refs.	1	" ""lymphocytes"" is"	" ""lymphocytes"" is"	 (b) is more	1	1	0	1
1539	biomed	remodeling	online	PRC1, including ph, recognizes the histone H3 lysine 27 mark set by PRC2 and maintains a stable state of gene repression in which PRC1 blocks chromatin remodeling by the trithorax group-related SWI-SNF complex [46,47].	Supplementary data are available at NAR online.	1	" ""remodeling"""	" ""remodeling"""	 (b) is more	1	1	0	1
502	biomed	hallmark	velocity	Loss or damage to articular cartilage is a hallmark of arthritic diseases and is one of the most common reasons that both young and old adults seek medical care.	In the platelet aggregation experiments the initial aggregation velocity was slightly, but significantly lower in platelets lacking annexin A7.	0	" ""Velocity"" is"	" ""velocity"" is less"	 (b) is more	0	0	0	0
1251	biomed	gradient	thymus	They are also not essential for the formation of specific membrane domains such as lipid rafts, as exogenously added recombinant annexin A7 redistributed to similar positions in a density gradient containing membranes derived from red blood cells of anxA7-/-mice.	We discovered that in Alk5/Wnt1-Cre mutants, pharyngeal organs (thymus and parathyroid) fail to migrate appropriately.	0	" ""gradient"" is more"	" ""thymus"""	 (b) is more	1	0	0	0
1553	biomed	capacity	cerebellar	Second, mitochondrial respiratory capacity is modestly but significantly altered in skeletal muscle and liver of PGC-1α−/− mice.	Thus, our panel of wild-type, heterozygous, and homozygous CbCln3Δex7/8 cerebellar cells provide an ideal model system to further elucidate battenin function and JNCL pathogenesis.	0	" ""cerebellar"""	" ""cerebellar"""	 (b) is more	0	0	0	0
1200	biomed	WT	subset	WT = wild-type	A small subset of olfactory receptors appears to be expressed in non-olfactory tissues, principally the testis [8], but also taste tissues [9], prostate [10], erythroid cells [11], notochord [12] and perhaps other tissues.	1	" ""subset"" is more"	" ""subset"" is less"	 (b) is more	0	0	0	0
882	biomed	cancer	velocity	Apart from the obvious gender-specific diseases such as cervical or prostate cancer, sex influences susceptibility to nearly all highly prevalent diseases that affect both women and men, including atherosclerosis and diabetes and their precursor conditions of hyperlipidemia, obesity, and insulin resistance.	In the platelet aggregation experiments the initial aggregation velocity was slightly, but significantly lower in platelets lacking annexin A7.	0	" ""velocity"" is more"	" ""velocity"" is less"	 (b) is more	0	0	0	0
671	biomed	intolerance	thymus	We show that mice with increased oxidative fibers are resistant to high-fat-induced obesity and glucose intolerance.	We discovered that in Alk5/Wnt1-Cre mutants, pharyngeal organs (thymus and parathyroid) fail to migrate appropriately.	0	" ""Thymus"""	 Thymus is less	 (b) is more	0	0	0	0
1297	biomed	polarization	Figures	These interactions suggest that APC can potentially regulate many cellular functions, including intercellular adhesion, cytoskeletal organization, regulation of plakoglobin levels, regulation of the cell cycle and apoptosis, orientation of asymmetric stem cell division, and control of cell polarization [2,3].	For example, the BXD RI lines exhibited a range of quinine sensitivity, with several strains having similar sensitivities to that of B6, some strains with sensitivities similar to that of D2, and a third group with a more intermediate phenotype (Figures 1, 7).	1	" ""Figures"" is more"	" ""Figures"" is less"	 (b) is more	0	0	0	0
1404	biomed	LN	press	CA = chronic arthritis; CIA = collagen-induced arthritis; CV = coefficiant of variation; GO = Gene Ontology; LN = lymph node; LOD = logarithm of the odds; MAPK = mitogen-activated protein kinase; NC = naive control; OA = onset of arthritis; PI = post-immunisation; QTG = quantitative trait gene; QTL = quantitative trait loci; RA = rheumatoid arthritis.	Finally, there is the maintenance of associative learning relationships over time (a stimulus light always signifies a food pellet is available subsequent to a lever press) [see refs.	1	" ""press"" is more"	" ""press"" is less"	 (b) is more	0	0	0	0
1075	biomed	chemistry	interval	The μ-80 k and m-80 k subunits share 62% amino acid sequence identity, and are very similar in terms of structure, protein chemistry, and in vitro substrate specificity.	The most notable candidate genes located within the HG1 interval are the signal transducer and activator of transcription 1 (Stat1) and Stat4.	1	" ""interval"" is more"	" ""interval"" is less"	 (b) is more	0	0	0	0
1438	biomed	FAS	programs	The best-studied strains of mice that spontaneously develop a lupus-like pathology are the New Zealand Black/New Zealand White hybrid strain (NZB/WF1); the MRL/Mp lpr/lpr strain, which carries the lpr mutation of the FAS receptor gene; and the BXSB strain, which carries the Y chromosome autoimmune accelerator (Yaa) gene (Theofilopoulos and Dixon 1985).	Would precocious expression of ETS proteins in post-mitotic neurons also direct the appropriate sensory neuron developmental programs?	1	" ""programs"" is"	" ""programs"" is"	 (b) is more	0	0	0	0
1447	biomed	Introduction	Figures	Still, other bona fide RanBP2 partners previously identified and described in the Introduction also become strong candidates to play a role in energy homeostasis.	For example, the BXD RI lines exhibited a range of quinine sensitivity, with several strains having similar sensitivities to that of B6, some strains with sensitivities similar to that of D2, and a third group with a more intermediate phenotype (Figures 1, 7).	0	" ""Introduction"" is more"	" ""Figures"" is less"	 (b) is more	1	0	0	0
643	biomed	functions	cerebellar	Polymerization of the SAM domain has been previously reported to be essential for the repressive functions of ph and TEL [43,44].	Thus, our panel of wild-type, heterozygous, and homozygous CbCln3Δex7/8 cerebellar cells provide an ideal model system to further elucidate battenin function and JNCL pathogenesis.	0	" ""cerebellar"""	" ""cerebellar"""	 (b) is more	0	0	0	0
492	biomed	medium	velocity	MCAD-deficient patients have abnormal plasma and urine metabolites associated with the medium chain–length enzyme specificity.	In the platelet aggregation experiments the initial aggregation velocity was slightly, but significantly lower in platelets lacking annexin A7.	0	" ""Velocity"" is"	" ""Velocity"" is"	 (b) is more	0	0	0	0
280	biomed	Stress	subset	Stress proteins have been shown to be expressed in non-stressed cells during development and differentiation [25].	A small subset of olfactory receptors appears to be expressed in non-olfactory tissues, principally the testis [8], but also taste tissues [9], prostate [10], erythroid cells [11], notochord [12] and perhaps other tissues.	0	 Stress is more difficult.	" ""Stress"" is"	 (b) is more	1	1	0	1
1560	biomed	control	subset	Fourth, control of body fat mass is abnormal in the PGC-1α−/− mice.	A small subset of olfactory receptors appears to be expressed in non-olfactory tissues, principally the testis [8], but also taste tissues [9], prostate [10], erythroid cells [11], notochord [12] and perhaps other tissues.	0	" ""Control"" is more"	" ""subset"" is less"	 (b) is more	1	0	0	0
786	biomed	densities	lens	Biochemically rafts are defined as membranes that are resistant to extraction by cold Triton X-100 and can be floated to low densities in sucrose gradient centrifugation [36].	Moreover, expression of alpha-crystallin, particularly alphaB, was shown to not be restricted to the lens.	1	" ""lens"" is more"	" ""lens"" is less"	 (b) is more	0	0	0	0
144	biomed	brain	cerebellar	DT provided the sections the human autopsy brain, analyzed them by immunofluorescence, and contributed to the analysis of data.	Thus, our panel of wild-type, heterozygous, and homozygous CbCln3Δex7/8 cerebellar cells provide an ideal model system to further elucidate battenin function and JNCL pathogenesis.	0	" ""cerebellar"""	" ""cerebellar"""	 (b) is more	0	0	0	0
1337	biomed	Analysis	Figures	Analysis of the mechanisms by which transcription factor programs can be shifted over time to control different complements of downstream genes and thus different aspects of neuronal and cellular fates in progenitor cells or post-mitotic neurons may provide further insight into the way in which transcription factors act to control the assembly of neuronal circuits.	For example, the BXD RI lines exhibited a range of quinine sensitivity, with several strains having similar sensitivities to that of B6, some strains with sensitivities similar to that of D2, and a third group with a more intermediate phenotype (Figures 1, 7).	1	" ""Figures"" is more"	" ""Figures"" is less"	 (b) is more	0	0	0	0
704	biomed	cholesterol	press	The major findings in this study are: (1) disruption of only one of the two genes comprising the STSL locus is necessary and sufficient to cause sitosterolemia, (2) that the loss of Abcg8/sterolin-2 leads to the loss of biliary cholesterol secretion and (3) Abcg5/sterolin-1 appears to be still apically-expressed despite the absence of Abcg8/sterolin-2.	Finally, there is the maintenance of associative learning relationships over time (a stimulus light always signifies a food pellet is available subsequent to a lever press) [see refs.	1	" ""cholesterol"" is"	" ""press"" is less"	 (b) is more	1	0	0	0
795	biomed	kb	interval	The primary genetic defect (>80% disease chromosomes) leading to JNCL is a 1.02 kb genomic DNA deletion in the CLN3 gene, which eliminates exons 7 and 8 and surrounding intronic DNA, predicting a non-functional protein product [2].	The most notable candidate genes located within the HG1 interval are the signal transducer and activator of transcription 1 (Stat1) and Stat4.	1	" ""interval"" is more"	" ""interval"" is less"	 (b) is more	0	0	0	0
1666	biomed	window	lens	Interestingly, this phenotype was only evident during a rather narrow window of postnatal life.	Moreover, expression of alpha-crystallin, particularly alphaB, was shown to not be restricted to the lens.	1	" ""Lens"" is"	" ""lens"" is less"	 (b) is more	0	0	0	0
117	biomed	thalamus	lens	At older ages (9–12 mo) amyloid deposits were visible in the thalamus, which has also been observed in mice expressing mutant APP via the Thy-1 promoter.	Moreover, expression of alpha-crystallin, particularly alphaB, was shown to not be restricted to the lens.	1	" ""thalamus"" is"	" ""lens"" is less"	 (b) is more	1	0	0	0
433	biomed	majority	cerebellar	Mammalian lung is unique in that it is fully developed, but does not function for gas exchange until at the moment of birth; the majority of structural development and maturation takes place in utero.	Thus, our panel of wild-type, heterozygous, and homozygous CbCln3Δex7/8 cerebellar cells provide an ideal model system to further elucidate battenin function and JNCL pathogenesis.	0	" ""majority"" is"	" ""majority"" is"	 (b) is more	1	1	0	1
1517	biomed	fish	Figures	A genome database search revealed orthologs of ADAM11, ADAM22 and ADAM23 genes to exist in vertebrates such as mammals, fish, and amphibians, but not in invertebrates.	For example, the BXD RI lines exhibited a range of quinine sensitivity, with several strains having similar sensitivities to that of B6, some strains with sensitivities similar to that of D2, and a third group with a more intermediate phenotype (Figures 1, 7).	0	" ""Figures"" is more"	" ""Figures"" is less"	 (b) is more	0	0	0	0
1680	biomed	teeth	subset	We report here that K14 promoter-driven loss of Apc resulted in aberrant development of several organs that require inductive epithelial–mesenchymal interactions, including hair follicle, teeth, and thymus, and resulted in neonatal death in mice.	A small subset of olfactory receptors appears to be expressed in non-olfactory tissues, principally the testis [8], but also taste tissues [9], prostate [10], erythroid cells [11], notochord [12] and perhaps other tissues.	0	" ""teeth"" is"	" ""subset"" is less"	 (b) is more	1	0	0	0
1302	biomed	contact	velocity	In contrast, radial columns of elongated fiber cells of uniform size and shape containing ball and socket interdigitations were observed in the posterior subcapsular region in 5 wk (Figure 4I), 46 wk (Figure 4L) and 72 wk (data not shown) wild type lenses, and fiber cells in contact with the posterior capsule could be traced back to the equatorial bow region and anterior epithelium.	In the platelet aggregation experiments the initial aggregation velocity was slightly, but significantly lower in platelets lacking annexin A7.	0	" ""velocity"" is more"	" ""velocity"" is less"	 (b) is more	0	0	0	0
513	biomed	EF	cerebellar	EF participated in establishment and characterization of cell lines and performed ATP determinations.	Thus, our panel of wild-type, heterozygous, and homozygous CbCln3Δex7/8 cerebellar cells provide an ideal model system to further elucidate battenin function and JNCL pathogenesis.	1	" ""EF"" is more"	" ""EF"" is less"	 (b) is more	1	1	0	1
1507	biomed	genetics	Figures	The amount and rate at which bone is gained during development and lost during aging are determined in large part by genetics [4–6] but also by physical activity and by alterations in the availability and response of bone cells to circulating hormones [7–9] and locally derived growth factors [10,11].	For example, the BXD RI lines exhibited a range of quinine sensitivity, with several strains having similar sensitivities to that of B6, some strains with sensitivities similar to that of D2, and a third group with a more intermediate phenotype (Figures 1, 7).	1	" ""Figures"" is more"	" ""Figures"" is less"	 (b) is more	0	0	0	0
